restaurants|20191207|EN|londoneater.com|http://londoneater.com/|Hereâ€™s my rolling list of all the places that are present in my mind so far. I will update it periodically as I discover new things. It is by no means exhaustive, these are places I have been in the past, and a few ofâ€¦
restaurants|20191207|EN|londoneater.com|http://londoneater.com/|restaurant details: website , IG I finally made it here and can genuinely say that I totally believe all the fanfare bandied around Christophe Peleâ€™s gem in the house of >>Haut Brion<<. His cuisine is one of modernity, subtlety and clarity. Decidedly French with flourishesâ€¦
restaurants|20191207|EN|londoneater.com|http://londoneater.com/|restaurant details: website , IG I am so glad to finally see Endo san in his own digs. Iâ€™ve been waiting 3 years since my first taste of Sushi Endo courtesy of @natsukipimâ€˜s Hoxcup sake bar popup, and knew then that he had something veryâ€¦
restaurants|20191207|EN|londoneater.com|http://londoneater.com/|restaurant details : website , IG Itâ€™s now been over a year since Alex Dilling took over the reigns from Arnaud Bignon, and what year it has been for this this charming little restaurant that has survived the decades with its series of chefs. Alexâ€¦
restaurants|20191207|EN|londoneater.com|http://londoneater.com/|Other visits: Nov 2018 â€¢ April 2018Â â€¢Â Nov 2017Â â€¢ June 2016Â â€¢Â April 2016 The 2019 prices have risen nearly across the board, though quality remains ever so high here at >>Lâ€™Arpege<<. Spontaneity and creativity reign supreme, Passard and his kitchen still immensely spirited in their practice ofâ€¦
restaurants|20191207|EN|londoneater.com|http://londoneater.com/|Having followed the rise of Restaurant >>Florilege<< with great interest for the last few years, Iâ€™m glad to have finally made it not just to honten, but also to the crewâ€™s sister restaurant located in Daan, Taipei. Iâ€™m certain youâ€™ve already come across Hiroyasu Kawate,â€¦
restaurants|20191207|EN|londoneater.com|http://londoneater.com/|Itâ€™s been over a year since Wagyu Mafia crew were in London to â€˜performâ€™ (in their vernacular) a one-off event (titled Grilleasy) for the OAD awards ceremony for the 2018 revision. This year Steve is in food heaven Donostia to announce the 2019 list. Itâ€¦
restaurants|20191207|EN|londoneater.com|http://londoneater.com/|Bjorn FrantzÃ©n was in London for one night only, pitching up at >>Bibendumâ€™s<< on a tuesday night in May to do a collaboration with our Claude Bosi. I was rather excited about it, a dinner with two two leading lights in gastronomy at the peakâ€¦
restaurants|20191207|EN|londoneater.com|http://londoneater.com/|Many attempts have been made to pigeon hole this restaurant ever since it stormed on to the London scene in late 2017, though none are accurate reflections of what to expect when you eventually sit down for a meal here. Which is great, if youâ€¦
restaurants|20191207|EN|londoneater.com|http://londoneater.com/|Finally after months of anticipation, the great Tom Kemble has unveiled his next move in his culinary career. As you know, I was a loyal fan of >>Bonhams<< Restaurant, and in a state when Tom decided to leave the restaurant (and London) in the Summerâ€¦
restaurants|20191207|EN|www.hardens.com|https://www.hardens.com/uk-london/category/news/|Chris Leach and David Carterâ€™s hit residency 10 Heddon Street has gone permanent in the form of new restaurant >>Manteca<<. The restaurant brings the same ethos as appeared at 10 Heddon Street, with nose-to-tail dining and homemade pasta dishes the stars. Leach, from Pitt Cue, Sager and Wilde, and Kitty Fisherâ€™s, joined Carter, chef and [â€¦]
restaurants|20191207|EN|www.hardens.com|https://www.hardens.com/uk-london/category/news/|Corbin & King recorded turnover exceeding Â£40m in 2018, remaining â€œstrong in a competitive environmentâ€. The restaurant group, which recently opened >>Soutine<<, closed >>Bellanger<<, and has more projects on the way next year, reached Â£44.1m in turnover and saw sales increase by 2.5 per cent. Accounts lodged with Companies House cover the nine months from [â€¦]
restaurants|20191207|EN|www.hardens.com|https://www.hardens.com/uk-london/category/news/|>>The Forest Side<< in Grasmere has appointed a new head chef. The acclaimed >>Lake District<< restaurant, where food is â€œsimilar to >>Lâ€™Enclume<<â€ and â€œworth every pennyâ€, sees Paul Leonard take charge following Kevin Tickleâ€™s departure. Leonard has cooked under giants of the trade such as Marcus Wareing and Andrew Fairlie, and retained a Michelin star [â€¦]
restaurants|20191207|EN|www.hardens.com|https://www.hardens.com/uk-london/category/news/|Cult burger brand >>Bleecker<<, in partnership with Brooklyn Brewery and creative agency Improper, has announced the launch of Rage for Good, a series of events championing some of the unsung people working to improve the lives of the LGBTQ+ community through activism. The series celebrates the 50th anniversary of the riots at Stonewall Inn in [â€¦]
restaurants|20191207|EN|www.hardens.com|https://www.hardens.com/uk-london/category/news/|Hardenâ€™s weekly update of where the critics are eating, recommending and avoiding, for the week ending 24 November 2019. >>The Kinneuchar Inn<<, Fife Marina Oâ€™Loughlin for had four â€œevangelicalâ€ tips for the place she reviewed in The Sunday Times today â€“ â€œitâ€™s unusual to be sent four recommendations in a row for anywhere, let alone [â€¦]
restaurants|20191207|EN|www.hardens.com|https://www.hardens.com/uk-london/category/news/|A new Turkish, Middle Eastern restaurant, >>Baraka<<, has been announced to open in 2020 near Liverpool Street. It will serve Anatolian cuisine with an emphasis on open flame Mangal cooking and â€œancient recipes from across the Ottoman Empireâ€, an announcement said. In Turkish culture, the term Baraka translates to an old wooden home. Traditionally, it [â€¦]
restaurants|20191207|EN|ny.eater.com|https://ny.eater.com/|Natural wine from the Contra team, fresh seafood, and other new restaurants to expect from the sprawling new food hall and market
restaurants|20191207|EN|www.theinfatuation.com|https://www.theinfatuation.com/new-york|Nami Nori is a reasonably priced sushi spot in the West Village that specializes in taco-shaped hand rolls and looks like a fancy nail salon.
restaurants|20191207|EN|www.hardens.com|https://www.hardens.com/uk-london/category/news/|Troubled burger group >>Byron<< will launch a new brand concept and menu on November 21. The 53-strong restaurant chain, which launched 12 years ago to much fanfare, narrowly escaped collapse amid the casual dining crunch, but has come out fighting with a bold new strategy. As much as Â£15m will be invested in the brand [â€¦]
restaurants|20191207|EN|www.hardens.com|https://www.hardens.com/uk-london/category/news/|West London all-day casual restaurant and cafe chain >>Chucs<< is to open in Belgravia. Some might find the news unpromising given what some reporters see as the groupâ€™s Monte Carlo-esque approach to pricing, but >>Chucs<< must be doing something right given the group is to open a new flagship in this prime postcode. The Belgravia [â€¦]
restaurants|20191207|EN|www.theinfatuation.com|https://www.theinfatuation.com/new-york|>>Llama San<< is a Nikkei restaurant in the West Village from the people behind Llama Inn. Itâ€™s pricey, but the food is incredibly delicious.
restaurants|20191207|EN|www.theinfatuation.com|https://www.theinfatuation.com/new-york|From a 24-hour Cuban spot to a bakery with disturbingly good carrot cake, here are the 18 best places to eat in Washington Heights.
restaurants|20191207|EN|www.theinfatuation.com|https://www.theinfatuation.com/new-york|>>Golden Diner<< is a little spot in Two Bridges that serves modern diner classics. Itâ€™s worth planning lunch here a week in advance.
restaurants|20191207|EN|www.theinfatuation.com|https://www.theinfatuation.com/new-york|The Mekelburgâ€™s >>Williamsburg<< location is the kind of place you should go in a time of need. Or anytime you want fantastic sandwiches and beers.
restaurants|20191207|EN|www.theinfatuation.com|https://www.theinfatuation.com/new-york|>>Le Relais De Venise Lâ€™EntrecÃ´te<< is a French restaurant in Midtown East where the only thing on the menu is very good steak frites.
restaurants|20191207|EN|www.diningchicago.com|http://www.diningchicago.com/blog/|Cleveland has a few steakhouses that are part of larger national organizations but also many that are unique to the area, found nowhere else in Ohio, the Midwestâ€¦or even the world. Thatâ€™s what we find most intriguing about Cleveland.
restaurants|20191207|EN|www.diningchicago.com|http://www.diningchicago.com/blog/|Here are six of Clevelandâ€™s best steakhouses, each one unique, each one offering a different atmosphere and different takes on the highest quality USDA prime steaks.
restaurants|20191207|EN|www.diningchicago.com|http://www.diningchicago.com/blog/|As we cruise into the harvest season, you can bet that Chicago steakhouses will be leveraging the best product to set alongside that beautiful steak youâ€™ve ordered.
restaurants|20191207|EN|www.diningchicago.com|http://www.diningchicago.com/blog/|Here are five of Chicagoâ€™s Best Steakhouses, each offering the best veggies youâ€™re likely to find anywhere, and that youâ€™re most likely to find in a Chicago steakhouse.
restaurants|20191207|EN|vancouverfoodster.com|http://vancouverfoodster.com/category/restaurants/|2120 W Broadway, Vancouver Tel:Â (604) 288-2941 Web: http://>>gyopara<<.com Instagram @gyopara Advice: No reservations, server will seat you on arrival or take your name for the next table. Located in the heart of Kitsilano is this hot spot eatery run byâ€¦
restaurants|20191207|EN|vancouverfoodster.com|http://vancouverfoodster.com/category/restaurants/|1426 W 8th Ave, Vancouver Tel: Â (604) 800-0211 Web: https://>>mixxbao<<.com/ Instagram @mixxbao Specializing in Taiwanese inspired snacks and comfort food dishes, Chef Merry and her team has been making delicious dumplings, soups and sandwiches in this South Granville locale. Bothâ€¦
restaurants|20191207|EN|vancouverfoodster.com|http://vancouverfoodster.com/category/restaurants/|1739 Robson St, Vancouver Tel: (604) 673-5688 Web: https://>>noodlearts<<.com/ Instagram: @noodlearts_vancouver Advice:Open daily for lunch and dinner. Specializing in the Lanzhou style of noodles pulling long noodles is quite the art, here master chef makes the dough and hand pullsâ€¦
restaurants|20191207|EN|vancouverfoodster.com|http://vancouverfoodster.com/category/restaurants/|265 Kingsway, Vancouver Tel: (604) 876-6333 Web: https://>>sprezzatura<<.ca/ instagram @sprezzatura_van Advice: Reservations suggested for dinner, walkins welcome. With itâ€™s Italian focus, this casual eatery is not only specializing in pizzas and roast dishes but they are also featuring other dishesâ€¦
restaurants|20191207|EN|vancouverfoodster.com|http://vancouverfoodster.com/category/restaurants/|1725 Davie St, Vancouver Tel: (604) 336-9774 Web: https://>>arikerestaurant<<.ca/ Instagram: @arikerestaurant Advice: Reservations suggested on weekends, walk-ins always welcome. Dinner nightly. Love the African decor and the vibe at this West End spot where they specialize in West African cuisineâ€¦
restaurants|20191207|EN|vancouverfoodster.com|http://vancouverfoodster.com/category/restaurants/|221 Abbott Street, Vancouver Tel: (604) 367-6126 Web: https://>>praguery<<.com/ Instagram @thepraguery Advice: Counter service. With his European roots, Owner, Jaroslav Mestka set-out to offer house-made chimney cakes from his homeland on his food truck a few years ago. Fast trackingâ€¦
restaurants|20191207|EN|vancouverfoodster.com|http://vancouverfoodster.com/category/restaurants/|291 East Pender, Vancouver Tel: (604) 423-4300 Web: https://www.>>boqueria<<.ca instagram @boqueria.ca Advice: No reservations. With itâ€™s focus on the Basque style, itâ€™s the food and drink of San Sebastian that will lure you in to this hotspot with a greatâ€¦
restaurants|20191207|EN|www.straight.com|https://www.straight.com/food/restaurant-reviews|The latest restaurant concept from local chef >>J-C Poirier<< specializes in fare from the land of Carnaval, joual, and Laval.
restaurants|20191207|EN|www.straight.com|https://www.straight.com/food/restaurant-reviews|Forget student foodâ€”Perch Restaurant is ruling the culinary roost at UBC by offering quality dishes at affordable prices.
restaurants|20191207|EN|eatlikeagirl.com|http://eatlikeagirl.com/|Land and Sea, Surf and Turf. However you spin this, it is delicious. And it is easy too. I love to make one great thing and then do lots of things with it, the beef and chorizo filling for the squid is a perfect example for this. It is super flexible and adaptable. It makes a great kebab, an excellent burger, it can be a meatball.
restaurants|20191207|EN|eatlikeagirl.com|http://eatlikeagirl.com/|Cava can be white or rosÃ© and as part of theÂ traditional method cava hasÂ two fermentations,Â the second being in bottle where it can also be aged.Â Reserva, Gran Reserva and Cava de Paraje wines are all aged high quality cava wines which you can enjoy in someÂ terrific SpanishÂ tapas bars and restaurants acrossÂ the UKÂ this week.
restaurants|20191207|EN|eatlikeagirl.com|http://eatlikeagirl.com/|A heads up for you that my residency at fabulous Irish cocktail bar in Islington, >>Homeboy<<, is coming to a close this weekend. Do come, there are only 3 more days and 4 services:
restaurants|20191207|EN|eatlikeagirl.com|http://eatlikeagirl.com/|You can of course use a favourite chilli oil or one that you have at home. I provide a recipe for a simple one here flavoured with garlic and chilli. Play around, make a peppercorn oil, add herbs as it cools down (not at the beginning or they will burn). Homemade oils bring brilliant flavour. If you donâ€™t want chilli make a simple herb oil by blending a flavourful herb (like oregano or basil) with some oil, allowing it to infuse and then pass it through a coffee filter or similar and you are good to go.
restaurants|20191207|EN|eatlikeagirl.com|http://eatlikeagirl.com/|A ham sangwich (correct spelling!) was the frequent snack of many an Irish childhood. Especially at my Grandmothers when we would visit on St Stephenâ€™s Day (aka Boxing Day). I knew that I would have to eat that ham in order to access some biscuits. As with most things, it was beautiful in its simplicity. Thick sliced bread, butter, home cooked ham, done.
restaurants|20191207|EN|eatlikeagirl.com|http://eatlikeagirl.com/|Parma, the home of Parma Ham (and Parmiggiano Reggiano), is a small city in Emilia Romagna in Northern Italy. Emilia Romagna has a sublime food culture. Described as the belly of Italy (which gives some clue as to just how well you will eat there), Emilia Romagna is one of my most visited places (along with Rome). It is the home of many things, including my favourite
restaurants|20191207|EN|eatlikeagirl.com|http://eatlikeagirl.com/|and that gorgeous and very underrated wine, Lambrusco. Parma itself is a joy of a place to walk around with its winding streets lined by tall brightly painted old buildings.
restaurants|20191207|EN|eatlikeagirl.com|http://eatlikeagirl.com/|Tofu is also a fast food. The fastest, it is already good to go. It soaks up flavours and loves contrasting textures. I love it in a crispy fritter for brunch as much as I do in a stew. I love proper silken tofu, fresh from fridges of Asian food shops (especially Japanese). Silken is a joy, the very good stuff has the texture of custard. All of it is sublime when fried, and I have fried tofu every which way. A firm â€“ nay, wobbly â€“ favourite is Agedashi Tofu.
restaurants|20191207|EN|eatlikeagirl.com|http://eatlikeagirl.com/|Entering its 61st season, >>Ossieâ€™s Lunch<< was opened in 1957 by Osborne and Roseanna Waite and is still going strong under new owner Shawn Saulnier. Roseanna still works there on occasion, as does her daughter Angela. You probably donâ€™t know â€“ I didnâ€™t â€“ that New Brunswickers LOVE fried clams and places like Ossieâ€™s Lunch are packed on public holidays and in season.
restaurants|20191207|EN|eatlikeagirl.com|http://eatlikeagirl.com/|. A beautiful restaurant in an old house with one of those beautiful large tiled heaters (a Kachelofen). Windows draped by small curtains looked at the mountains outside. We took a table in the corner and perused the traditional menu. I love the menus in places like this. PlumpÂ kÃ¤sespÃ¤tzle (handmade noodle shreds in a voluptuous and generous cheese sauce) and schnitzel were what drew most of us in. The cool mountain air creates an enthusiastic appetite and with a distillery trip straight after, there is a need for it.
restaurants|20191207|EN|eatlikeagirl.com|http://eatlikeagirl.com/|The town of Lech is a pretty one. Famed for royal visitors (Princess Diana would ski here), it is also one of the worlds premier ski destinations. But Lech is also a joy in summer. The crowds are gone, and in the place of the snow all is lush. The days are hot and long, but there is crisp clear air accompanying.
restaurants|20191207|EN|eatlikeagirl.com|http://eatlikeagirl.com/|I am a regular visitor to Canada. I love the vast expanse of it. The people, the calm, the lakes and forests, the cities with the quickly expanding and inspiring culinary scene. Excellent cocktails, terrific Canadian wines, a booming craft booze scene and lovely restaurants and bars to sample them. Canada is an excellent place for a road trip, especially a culinary one.
restaurants|20191207|EN|eatlikeagirl.com|http://eatlikeagirl.com/|New Brunswick was the scene of my most recent Culinary Road Trip, packed with snow crab and lobster, lush produce from the farmlands and foraged seaweeds and sea greens from the seashore. It is one of four of Canadaâ€™s Atlantic provinces on the east coast. 83% of New Brunswick is under forest, and the cities are small by international standards. It is a perfect relaxed spot for a break and to unwind.Â I flew into Saint John via Halifax, Nova Scotia. A short flight in a small plane with excellent views of the landscape below brought me to Canadaâ€™s oldest incorporated city. I started my culinary road trip here.
restaurants|20191207|EN|eatlikeagirl.com|http://eatlikeagirl.com/|You see the thing is when so many of your days revolve around cooking and you are generally the only person eating it, it becomes easy to question every bite and wonder if it is enough. Should it be more, bigger, brighter? Everyone who works alone has this problem in one way or another. It would be perfect to have someone to bounce things off, a recipe tester, a friend. A room full of 30 people eating your food with enthusiasm? Perfection.
restaurants|20191207|EN|eatlikeagirl.com|http://eatlikeagirl.com/|There was a time when I would devote much of my evening to delivering the meal that I would eat, often too late. Increasingly my cooking becomes simpler, fitted into tighter timeframes. I desire food that is fast and that delivers on flavour and that will sustain me too. Food that is healthy and balanced and that changes day to day.Â This way I always enjoy it, and my nutritional intake is varied too.
restaurants|20191207|EN|eatlikeagirl.com|http://eatlikeagirl.com/|Today is Pancake Tuesday / Shrove Tuesday / Mardi Gras. What a happy eating day! Mardi Gras means Fat Tuesday, the day to clear your cupboards beforeÂ 40 days of Lenten fast.Â Every day can be pancake day but Pancake Tuesday is the one. I have gathered my favourite pancake recipes for you. Get stuck in.
restaurants|20191207|EN|eatlikeagirl.com|http://eatlikeagirl.com/|These dal pancakes were originally made with leftover dal but you should absolutely cook up a batch to make them. They are a cracker and enlivened with the gorgeous aromas from the crisped curry leaves and the punch of bright chilli oil.
restaurants|20191207|EN|londoneater.com|http://londoneater.com/2019/05/10/tom-kemble-at-the-pass-south-lodge-horsham/|, and in a state when Tom decided to leave the restaurant (and London) in the Summer of 2018. For a brief moment, he transferred head cheffing duties to his old sous,
restaurants|20191207|EN|londoneater.com|http://londoneater.com/2019/05/10/tom-kemble-at-the-pass-south-lodge-horsham/|, which was absolutely the right choice as he ran shop like a bomb with Charlotte at FOH. Unfortunately the new owners at Bonhams had a change of heart and rather abruptly decided to shut the restaurant at the end of 2018. Only to have another change of heart, to (puzzlingly) put in something apparently trendy (at least it isnt skewers and sandwiches, I suppose), less ambitious and in the process had consciously dumped one of the few worthy michelin restaurants in London that practiced proper classic technique and bought in whole fish and poultry.
restaurants|20191207|EN|londoneater.com|http://londoneater.com/2019/05/10/tom-kemble-at-the-pass-south-lodge-horsham/|Will Lander and the Portland crew have now recently settled in for their little Italian bistro, and while i like my tortelini il brodo, I wish Will and Dan all the best with their latest gig of course, but I will now turn my attention to Horsham (of all places), as that is where the great Tom Kemble has decided to take the next step in his culinary game.
restaurants|20191207|EN|londoneater.com|http://londoneater.com/2019/05/10/tom-kemble-at-the-pass-south-lodge-horsham/|Tom inherits Mattâ€™s old digs, its USP being the relative borderless gap between the diners sitting on high table top banquettes and the kitchen, separated by carefully placed glass panels (installed by Tom and co).
restaurants|20191207|EN|londoneater.com|http://londoneater.com/2019/05/10/tom-kemble-at-the-pass-south-lodge-horsham/|If you are like me, and have also enjoyed his restraint cooking at >>Bonhams<<, I recommend popping down to Horsham to give the new Kembler a spin. The man is excited in his new kitchen and has furiously developed his cuisine. He does taster menus at three price points, Â£50 , Â£70, Â£90pp. We opted for a longer carte blanche and was charged Â£120pp + drinks + service for the meal.
restaurants|20191207|EN|londoneater.com|http://londoneater.com/2019/05/10/tom-kemble-at-the-pass-south-lodge-horsham/|Tom Kemble at The Pass, >>South Lodge Horsham<<, Apr 19. Hot/Cold chocolate variations with milk sorbet and passionfruit gel Tom inherited the open kitchen from Gillanâ€™s days (still seen here while he gets his new gig going), the restaurant is relatively small, a couple steps from the banquette high tables to his pass, so there is a sense youâ€™re almost in there. He also inherited liquid nitrogen, nice crockery,all part of the genesis, or shall we say the presentation of it, as he summoned us to into the kitchen for pudding â€¦and I thought iâ€™d never see the day Kembler did modernist. Jack is on pastry, turn it up ðŸ”Š , youâ€™ll hear Tom give a quick run down of the dish as Jack prepares it. An homage to @sportsmankent Stephen Harrisâ€™ warm chocolate mousse (also iSi whipper) with milk ice cream, & ongoing development with @pumpstreetchocolate (72%Bourbon mousse) , with a very clean milk sorbet from his Bonhams days (made with creme crue, which I love). â€“ Firstly, the pudding is gorgeous in its simplicity â€“ and a very pure milk chocolate. Chaud/froid study of contrasting temperatures, warm mousse to ice cold cream to nitro cold crumble (so to speak). Served in a bowl, the whole thing yields pure satisfaction â€“ the spoon eases in smooth, snappy tuile then mousse(swipe ðŸ‘‰). I mopped it up in seconds. A true pud. I generally avoid a heavy chocolate, but this is notable in that you get the sinful comfort, but come away with a light finish. Secondly, and perhaps more so, the interaction works especially well for this one. Rather than for show, Tomâ€™s used the nitrogen to refry the chocolate, so there is an element of la minute prep thatâ€™s integral to the eating experience. As the dining room is so close, its easy for people to pop into the kitchen to see their pud being put together, and it totally works well as a finale to the taster menu. Also, notice Tom casually showing off his perfect rochers, two in a row.ðŸŒŸ..ðŸŒŸ. Hope Stephen tries this one day, Iâ€™m pretty sure heâ€™ll be pretty happy with it. I most certainly was. @tfkemble @jack_robey1996 @aaronmcnamara_91 @greground1 @south_lodge #horshamrestaurants #eaterlondon @eaterlondon #lefooding #sushikemble
restaurants|20191207|EN|londoneater.com|http://londoneater.com/2019/05/10/tom-kemble-at-the-pass-south-lodge-horsham/|So so glad to be reading your reviews and food thoughts again. You are my absolute go-to when looking to dine in the UK and Continent., when we are able to visit from our home here in Australia.
restaurants|20191207|EN|londoneater.com|http://londoneater.com/2019/04/10/scrambledkang-native-lobster-season-2018/|Scotch blue lobster, and for the base, I started simply with onions and tomatoes, garlic, softened in bit of olive oil, splash of cognac. Then simmered in dashi, sherry vinegar, kaffir lime. Claws and tail poached in the stock and then all the precious juices are saved and all poured back into the soup. Shells are then toasted on a dry pan until it just starts to smoulder. Then it is all chucked into the stock. Topped with water on the odd occasion, only a touch of salt and then simmered for a day. The noble shellfishâ€™s sheer purity of natural sweetness never ceases to amaze me. Finally it is sieved. Touch of paprika, lemon, cream and butter, blitzed with a hand food processor, et voila, bowl of liquid joy.
restaurants|20191207|EN|londoneater.com|http://londoneater.com/2019/05/13/ikoyi-london-2019-2018/|Many attempts have been made to pigeon hole this restaurant ever since it stormed on to the London scene in late 2017, though none are accurate reflections of what to expect when you eventually sit down for a meal here. Which is great, if you like surprises, of the good kind when it comes to food and I know you do because youâ€™re still reading this.
restaurants|20191207|EN|londoneater.com|http://londoneater.com/2019/05/13/ikoyi-london-2019-2018/|London has been going this way for a few years now, the heritage of Anglo-French classic craft is very much the backbone of many kitchens with serious intentions, but it is refreshing to see Chefs move away from butter and cream to embrace flavours from all over the world, guided only by what it is to make delicious food. While it is vogue for todayâ€™s European based chefs to borrow (heavily) from the Japanese (dashis, vinegars, seaweed), Jeremy Chan has chosen an altogether different route to peak umami via Jollof cuisine. It might be highly presumptuous of me to offer Jeremy as the modern day version of Olivier Roellinger; classic techniques with a growing knowledge of spicesâ€¦ though quite some way before Chan reaches Roellingerâ€™s legend status.
restaurants|20191207|EN|londoneater.com|http://londoneater.com/2019/05/13/ikoyi-london-2019-2018/|He started out in the City with a desk and quickly got up from behind it to pursue his passion in food, with his business partner and former flatmate IrÃ© Hassan-Odukale. Some impressive restaurants grace the 31 year old chefâ€™s resume, stints in Hibiscus under the great Claude Bosi, then Hestonâ€™s Dinner and a stage at Reneâ€™s mission Scandinavia temple, Noma.
restaurants|20191207|EN|londoneater.com|http://londoneater.com/2019/05/13/ikoyi-london-2019-2018/|And thatâ€™s how the second meal pretty much went â€“ perfectly cooked product one after the other, and increasing so as we worked our way up to the noble proteins. Frankly it was a joy and somewhat of a surprise to see London chefs paying this much attention to the actual cookery of products all in a single meal, outside of the established places, Ledbury, Hedone and the Greenhouse. The respect and love for the ingredient was clear, translating into exacting raising to the right temperatures.
restaurants|20191207|EN|londoneater.com|http://londoneater.com/2019/05/13/ikoyi-london-2019-2018/|Due to location, >>Ikoyi<< is most definitely not cheap, but you do get what you paid for. The normal taster menu is currently Â£75pp, the extended normally advertised as Â£100pp, but my menu costed Â£120pp. If in doubt, ask before you order.
restaurants|20191207|EN|londoneater.com|http://londoneater.com/2019/05/13/ikoyi-london-2019-2018/|Saying all this, I wholeheartedly recommend you to give >>Ikoyi<< a spin and go with an open mind. Leave aside any preconceived notions of what you think the cuisine here is. For me, I think of it as Modern European with Nigerian spices and vegetables, but the terroir is most definitely British, and it makes this very much a London restaurant. The guys have been chipping away at their little project for about 2 years now, and I think Jeremy has now begun shaping something that is both delicious and uniquely his own. Not so easy to stand out in this realm with so much Gastronomic history already cataloged today, but Jeremy and IrÃ© have just about pulled it off.
restaurants|20191207|EN|londoneater.com|http://londoneater.com/2019/05/13/ikoyi-london-2019-2018/|Also an interesting cut, length wise like a steak. Iâ€™m trying to work out of itâ€™s a really big old bird, or if itâ€™s two breasts stitched together, if the latter the effect is seamless. I wish I could make chicken this good, never gonna happen. So impressive and utterly delicious.
restaurants|20191207|EN|londoneater.com|http://londoneater.com/2019/05/13/ikoyi-london-2019-2018/|6. Northumberland lobster, tail grilled and served with lettuce and field peas grown in Georgia. With a salad of claw on steamed turnip cake (their version of moin-moin).
restaurants|20191207|EN|londoneater.com|http://londoneater.com/2019/05/13/ikoyi-london-2019-2018/|The steamed veg cake simultaneously reminded me of Chinese turnip cake (Lo pak go) and a mini crumpet, topped with claws. Nips and lobster really do go well together, and yes I know youâ€™re thinking about that one with the transparent slices and thick honey sauce, well this one is better than that one. Bonus side dish, pop it in after you finish the tail.
restaurants|20191207|EN|londoneater.com|http://londoneater.com/2019/05/14/frantzen-x-bosi-at-bibendum/|Bjorn FrantzÃ©n was in London for one night only, pitching up at >>Bibendumâ€™s<< on a tuesday night in May to do a collaboration with our Claude Bosi. I was rather excited about it, a dinner with two two leading lights in gastronomy at the peak of their powers, in the same very kitchen cooking the meal was something to experience.
restaurants|20191207|EN|londoneater.com|http://londoneater.com/2019/05/14/frantzen-x-bosi-at-bibendum/|As for the dinner â€“ absolutely brilliant. Even with a sneak preview of his dishes, you can really see why this guy is Swedenâ€™s first three star chef. Very curious about getting to Stockholm after this showing.. that is if I can get a table at Restaurant Frantzen.
restaurants|20191207|EN|londoneater.com|http://londoneater.com/2019/05/14/frantzen-x-bosi-at-bibendum/|my recent meals at >>Bibendum<<, and really think he is ready for the 3 stars in the UK red guide. If I were the Bib, Iâ€™d dock 68RHR and ADAD and replace both with The Greenhouse, Bibendum and The Ledbury as Londonâ€™s three stars. Too bad Iâ€™m not the Michelin Guide eh.
restaurants|20191207|EN|londoneater.com|http://londoneater.com/2019/05/14/frantzen-x-bosi-at-bibendum/|4. Chawanmushi with broth made from 100 day aged pork, pork rinds and caviar from a new supplier to the restaurant, a French oscietra.
restaurants|20191207|EN|londoneater.com|http://londoneater.com/2019/05/14/frantzen-x-bosi-at-bibendum/|The deep, sweet onions, the off kilter liquorice and the crunch of the roasted nuts. At its core, this dish is comfort food, itâ€™s a bowl of onions and nuts, but a spoonful of this ..ðŸ¤¯. The flavour extractions are mind boggling.
restaurants|20191207|EN|londoneater.com|http://londoneater.com/2019/05/14/frantzen-x-bosi-at-bibendum/|Meanwhile, the wine pairing â€“ a curious rainwater medium dry Madeira â€“ was in perfect unison with the dish, and an inspired choice. A fairly fresh and pure style, with a touch of oxidative nuttiness to match the roasted nuts in the dish. The rainwater refers to way it is made, barrels left uncorked, allowing rainwater to seep and lighten the wine. Top drop by Carl Frosterud.
restaurants|20191207|EN|londoneater.com|http://londoneater.com/2019/05/14/frantzen-x-bosi-at-bibendum/|Potatoes finely diced, and carefully cooked to an al dente texture, it mimicked a risotto, in an emulsified sauce fully imbued with buttery goodness, and the satisfying depth of the cheese. I love potatoes, in all the various prep, including as raw noodles, and this was something new that I could add to my taste memories. It really was superiorly comforting, the ultimate comfort food feels, leave me in a room with a spoon and couple of bowls of this, I would happily polish it all off and ask for more. To cut the richness, there is a dose of acidity, which I assume is from the mead gel, and a little freshness from citrus zest. Topped with the best cut of chicken, two nuggets from itâ€™s back. To make something so special from humble ingredients. Stunning dish!
restaurants|20191207|EN|londoneater.com|http://londoneater.com/2019/05/14/frantzen-x-bosi-at-bibendum/|I knew we were in store for something a little exciting with Claude on the meat course. Iâ€™ve seen Passardâ€™s duck and coffee sauce, as well as Phil Howardâ€™s beef ribs and espresso, never ate either, but there is no question that coffee has its place in savoury dishes.
restaurants|20191207|EN|londoneater.com|http://londoneater.com/2019/05/14/frantzen-x-bosi-at-bibendum/|No doubt Hibiscus fans will school me on the versions youâ€™ve had at Maddox street. For me, itâ€™s the first time seeing an entire fillet of beef steaming itself inside a dough sealed Dutch oven and under a mound of coffee beans like this .
restaurants|20191207|EN|londoneater.com|http://londoneater.com/2019/05/14/frantzen-x-bosi-at-bibendum/|First of all, the cuisson is perfect. The perfect temperature, moist, glaze-like, a rosy pink. The texture was loose, very tender and juicy. In terms of flavour, the coffee imparted a light acidity, and who knew that coffee harmonised so well with beef. Fillet being rather neutral in flavour was absolutely the right cut to infuse with flavour.
restaurants|20191207|EN|londoneater.com|http://londoneater.com/2019/05/14/frantzen-x-bosi-at-bibendum/|With a swipe of the pickled walnuts, the flavour reminded me of beef and tomatoes, and this contrast was delicious. If I am to be honest, personally, the coffee sauce seemed excessive, as a light jus with some more freshness would have sufficed for me, though it didnâ€™t detract from the brilliance of the protein itself. It was seriously a pristinely cooked tenderloin. Beef so often is a boring choice for a taster menu, but not this one. A bold dish!
restaurants|20191207|EN|londoneater.com|http://londoneater.com/2019/05/20/wagyu-mafia-oad2018-london/|It was a fantastic evening with this crewâ€™s first (of many, I hope) London event, in which they pulled together an exciting showcase of wagyu through a myriad of cuts, culminating with 80 day aged sirloin simply grilled in a josper, and of course their famous Kobe fillet cutlet sandwich. The meal also featured all other cuts including round, ribeye cap, tail, shank, chuck, ribeye, sirloin, fillet and its prized fat (in an old fashioned no less). Hamada sanâ€™s Ozaki (as in Mr Ozakiâ€™s beef to be exact. The only beef in Japan that carries its farmerâ€™s name) and 2017 grandprix Kobe were phenomenal. Wagyumafia is still a members club of sorts in Tokyo, now expanded to a few more outlets both in Tokyo as well as overseas in HK. As of late, they have opened up dinners to joe public, with dinners starting at 30,000yen. I hope to one day visit them in Akasaka yet.
restaurants|20191207|EN|londoneater.com|http://londoneater.com/2019/05/20/wagyu-mafia-oad2018-london/|11. â€¦a â€˜Big Wagâ€™. Their version of a Big Mac. Patty made from wagyu chuck, burger wrapped up as you would any fast food chain as a takeaway giftâ€¦
restaurants|20191207|EN|londoneater.com|http://londoneater.com/2019/05/16/perilla-march-2019-gbm-blackbird-special/|Pictures and descriptions from a revisit to Ben Marksâ€™ ever improving Perilla. This time, I asked Ben if he would  make his Blackbird dish which he entered for GBM 2019, to which he kindly obliged. Iâ€™ve been thoroughly impressed by the young Chefâ€™s progression ever since he started up a few years ago in Stoke Newington. Perilla has flourished into an exciting restaurant to dine at, whilst still remaining amazingly affordable, and I have no doubt we will see more accolades go to Benâ€™s name as he and his business partner Matt Emmerson continue to solidify their reputation in British gastronomy.
restaurants|20191207|EN|londoneater.com|http://londoneater.com/2019/05/16/perilla-march-2019-gbm-blackbird-special/|)with the aroma of the tallow, old fashioned and how it ought to be. It holds well, rather than floating scraps, thereâ€™s loads of it stuck on either ends of the fish. The naturally oily gurnard steaming itself in the crust till juicy. Acidity is a hallmark of Benâ€™s food, the pickled gooseberries cutting all the fat and brightening up the palate. No cutlery required, break it off and dip. In the words of the great AB â€“ Fuck, thatâ€™s delicious!
restaurants|20191207|EN|londoneater.com|http://londoneater.com/2019/05/16/perilla-march-2019-gbm-blackbird-special/|A whole roasted quail boned out, stuffed with cooked pearl barley, shallots, hen of the woods, late season winter black truffle, lardo. It sits in a deep sauce made from mushrooms, truffle and squid ink for extra black. Finally it is finished with blackened mushroom powdered and a plum compote.
restaurants|20191207|EN|londoneater.com|http://londoneater.com/2019/05/16/perilla-march-2019-gbm-blackbird-special/|A masterpiece of a dish. It is visually striking, instantly iconic in its minimalist plating. As it is fully boned-out, it cuts easily with a dinner knife, and the earthy aroma release is superb. The craft involved is spot on. There is a huge dose of umami and the comfort factor is high. Inside the cavity, there is a layer of shaved truffle, then lardon melting into the pearl barley, all warm inside and soaking up all of the juices, analogous to say rice with Hainanese chicken (so to speak) â€“ it gives familiar and immeasurable satisfaction.
restaurants|20191207|EN|londoneater.com|http://londoneater.com/2019/05/17/sorrel-restaurant-dorking/|You might be familiar with Steveâ€™s previous restaurants, Drakeâ€™s and on the Pond before that, though Iâ€™ve been to neither. His new digs in Dorking is however an absolute wonder. This is his kitchen, robed in natural sun light and encased in glass.
restaurants|20191207|EN|londoneater.com|http://londoneater.com/2019/05/17/sorrel-restaurant-dorking/|Richard Giles is Steveâ€™s Head Chef, and the pair are regularly seen cooking rather comfortably in their kitchen (as is also seen above). The rest of the restaurant has this cottage feel to it, with low hanging wooden beams, the ambiance here reminds me very much of the charm that The Fat Duckâ€™s dining room possesses.
restaurants|20191207|EN|londoneater.com|http://londoneater.com/2019/05/17/sorrel-restaurant-dorking/|I particularly like the fact that these guys try to source as much as they can locally. They serve Dorking ale and source their duck from Etherly Farm, a stones throw from the restaurant and is of stellar quality.
restaurants|20191207|EN|londoneater.com|http://londoneater.com/2019/05/17/sorrel-restaurant-dorking/|Iâ€™ve been three times and I adore the restaurant. The team work as a cohesive unit like clockwork to make the show more than worth the price of entry. Steve and team continue to cook with supreme confidence in delivering elegant and harmonious dishes, meanwhile Miguel and FOH work hard to make sure people feel right at home. As we are at the transition from Spring to Summer, I definitely recommend a trip to Dorking on a sunny Saturday morning â€“ it would be nourishment for the soul.
restaurants|20191207|EN|londoneater.com|http://londoneater.com/2019/05/17/sorrel-restaurant-dorking/|Pictures and descriptions below, from three lunch visits for their lunch ALC menu, all as table of two. Average bill per meal was around Â£70pp including half bottles of wine and coffee.
restaurants|20191207|EN|londoneater.com|http://londoneater.com/2019/05/17/sorrel-restaurant-dorking/|Of course, this is only possible with immaculate day boat catch from the South West. A fish with flakes that are as firm as the noblest in the sea, and when it is cooked as well as this, I can hardly tell the difference between it and say, turbot. It remains an underpriced gem, which is a good thing for us all I suppose.
restaurants|20191207|EN|londoneater.com|http://londoneater.com/2019/05/21/florilege-tokyo-logy-taipei/|Having followed the rise of Restaurant Florilege with great interest for the last few years, Iâ€™m glad to have finally made it not just to honten, but also to the crewâ€™s sister restaurant located in Daan, Taipei.
restaurants|20191207|EN|londoneater.com|http://londoneater.com/2019/05/21/florilege-tokyo-logy-taipei/|Iâ€™m certain youâ€™ve already come across Hiroyasu Kawate, his gastronomic stock has been on the rise year on year, with his recent elevation to two star status as he continues to cook his heart out in leafy Aoyama, Tokyo. He is a practitioner of classic cuisine but like many things in the land of the Rising Sun, the soul of this restaurant is very much Japanese, with his craft directed at expressing the very best of the many jewels of Japanese terroir, rather than to simply import fish from Brittany.
restaurants|20191207|EN|londoneater.com|http://londoneater.com/2019/05/21/florilege-tokyo-logy-taipei/|Kawate san has had his entire career immersed in French cuisine, starting out under a Chef named Masahiko Ohara, who plies his trade in Roppongi. After that, he went onto Le Bourguignon also in the vicinity, and then jetting off to stint at Le Jardin des Sens in Montpellier. After returning to Japan, he went to work for Shuzo Kishida of the hallowed Quintessence before finally opening Florilege in 2009. Kawate had moved his restaurant in 2015 (the former space now occupied by the brilliant
restaurants|20191207|EN|londoneater.com|http://londoneater.com/2019/05/21/florilege-tokyo-logy-taipei/|The notion of the crew opening in Taipei, to work with the excellent but underrated Taiwanese terroir, was music to my ears. Given that I was in both countries for this trip, i grabbed the chance to experience both restaurants back to back. Kawate san has entrusted logyâ€™s slick open counter kitchen â€“ mirroring Florilegeâ€™s own â€“ to Ryogo Tahara, his former sous for the last 3 years, naming it to signify the blending of Asian culture, grounded in Taiwanese soil. You can read up their
restaurants|20191207|EN|londoneater.com|http://londoneater.com/2019/05/21/florilege-tokyo-logy-taipei/|on how they finally decided to call it that, though most conveniently, logy phonetically is similar to roji; Japanese for alley way, which is where you will find the restaurant in Daâ€™an district. Like Florilege, Tahara sanâ€™s cuisine is modern and unique, yet it is realised mostly through classic technique and showcases his ongoing study of the riches of Taiwanese produce.
restaurants|20191207|EN|londoneater.com|http://londoneater.com/2019/05/21/florilege-tokyo-logy-taipei/|Both restaurants only do taster menus, logyâ€™s is carte blanche (for 3750NT / Â£95pp), Florilegeâ€™s menu give vague descriptions of the courses. Each menu is about the same length, 6-7 savouries and 3 puddings. Florilege has an additional shorter lunch menu, 6 courses for 7500yen /Â£55, though we opted for the long one (15000yen / Â£110). It is worth mentioning that Florilege has an excellent option for a soft pairing flight. I chose it, and its variety of tea, sparkling juices and fruit/veg extractions all carefully made by the barman to compliment each dish is superb.
restaurants|20191207|EN|londoneater.com|http://londoneater.com/2019/05/21/florilege-tokyo-logy-taipei/|Although totally different, Florilege does feel like a Tokyo parallel of my own beloved Ledbury here in London, somewhat kindred spirits in the way they view gastronomy. Both men are classically trained but shun French products, instead eagerly direct their attention to the locality around them, concerned about food waste (Brett makes compost from his kitchen waste, which punters can take home, which I have on a few occasions for our garden) and both are especially gifted in identifying value in otherwise unloved ingredients or cuts by transforming them into something unexpectedly special.
restaurants|20191207|EN|londoneater.com|http://londoneater.com/2019/05/21/florilege-tokyo-logy-taipei/|In Brettâ€™s case, he makes ethereal carpaccio slices by clay cooking irregularly oversized beetroots that are usually binned by farmers. Meanwhile Kawate san makes a luscious cold shabu-shabu from the loin of cows which have given birth to calves â€“ meat that would never grace the menu of fine Japanese steak houses which -amongst other things- demand virgin cows. There is a lot to admire when a chef is able to raise noble produce to new heights of course, but it takes true genius to make something out of nothing.
restaurants|20191207|EN|londoneater.com|http://londoneater.com/2019/05/21/florilege-tokyo-logy-taipei/|Finally some words on the younger restaurant, logy and it certainly intrigues me because Tahara san is only at the outset of his Taiwanese odyssey. As I mentioned earlier, Taiwan is bursting at the seams with quality produce that is only beginning to get the global coverage it deserves. There is much untapped potential yet as I am sure Tahara san will continue to develop as he discovers and codifies more creations using Taiwanese produce. The man is young and enthusiastic and I have no doubt we will hear more of logyâ€™s rising star in the years to come.
restaurants|20191207|EN|londoneater.com|http://londoneater.com/2019/05/21/florilege-tokyo-logy-taipei/|With a creamy shiitake broth, nagano cheese, a chawanmushi and summer truffles, aka cheap truffles which do very little to nothing. With all the colours of Spring, this spectre of winter brown felt a little out of place if I am honest. It was nice, but no more.
restaurants|20191207|EN|londoneater.com|http://londoneater.com/2019/05/21/florilege-tokyo-logy-taipei/|Kawate sanâ€™s drive toward reducing food waste, with a message highlighting the 17,000,000 kgs of food that Japan bins annually.
restaurants|20191207|EN|londoneater.com|http://londoneater.com/2019/05/21/florilege-tokyo-logy-taipei/|Back to the topic of food waste, it is intriguing to think about how it differs one country to another. While in Japan, people pay top yen for the aforementioned beef from virgin wagyu; throughout Europe, it is older cows (incl ex-dairy) which are sought after for both flavour (high b-carotene fat and tremendous marbling) and texture.
restaurants|20191207|EN|londoneater.com|http://londoneater.com/2019/05/21/florilege-tokyo-logy-taipei/|, and harmonising with the food to great effect. Here, Ohba san has made a mocktail from amazake (non-alcoholic sake lees), kinome, sancho and topped with meringue. Delicious drink in its own right.
restaurants|20191207|EN|londoneater.com|http://londoneater.com/2019/05/23/larpege-paris-may-2019/|The 2019 prices have risen nearly across the board, though quality remains ever so high here at Lâ€™Arpege. Spontaneity and creativity reign supreme, Passard and his kitchen still immensely spirited in their practice of gastronomy at the highest levels, they continue to introduce new dishes to their menu, not bad for a restaurant now in its 33rd year. As usual, Tony Beldroega was in charge of the affairs today, with the Chef himself making an appearance mid-way through lunch to greet punters. I had wanted to try Alainâ€™s latest Frankenstein creation, the Chimera, pigeon stiched together with a rack of lamb, but alas it wasnâ€™t on the menu on this visit.
restaurants|20191207|EN|londoneater.com|http://londoneater.com/2019/05/23/larpege-paris-may-2019/|As you might be familiar, the lunch menu is essentially themed around whatever vegetables they have in abundance from Alainâ€™s two gardens. They tend to repeat themselves over the course of the longish meal. In the case of this meal, yellow round courgettes and white asparagus appeared to be at peak. If you arrive at the restaurant around 11ish, youâ€™ll see the little white van delivering their daily haul of greens.
restaurants|20191207|EN|londoneater.com|http://londoneater.com/2019/05/23/larpege-paris-may-2019/|Lâ€™Arpege is a restaurant that continues to enthrall me, the cuisine is very much based on improvisation and it is very rustic and homely in many ways, the antithesis of rehearsed, static crafted tasting menus. The food here is fine in its eating, while the dishes are beautiful to look at, the kitchen spends the majority cooking rather than plating little things perfectly. Some people do not like it for this very reason, but I love Lâ€™Arpege because at the heart of it all, the restaurant is about pure cooking, slow grilled proteins cooked grand and whole, and daring la minute preparations for everything else. It might seem counter intuitive to say this, but in todayâ€™s world of foraged, water bath modernism, Lâ€™Arpege is in the minority when it comes to actually delivering hot food on piping hot plates. A pre-requisite as it always should be for any fine food that is cooked with love and respect!
restaurants|20191207|EN|londoneater.com|http://londoneater.com/2019/05/23/larpege-paris-may-2019/|As you must already be aware from the in-trend BBQ hispis that grace many restaurants today, this caramalised cabbage too transformed its raw, crunchy sweetness into something significantly more complex â€“ meaty, smoky, fully softened yet remaining juicy at the very same time, suped up savouriness.
restaurants|20191207|EN|londoneater.com|http://londoneater.com/2019/05/23/larpege-paris-may-2019/|Of course the secret here is their supremely fine puff pastry, so delicate in its flakiness, that it gifts the tatin a soft and smooth texture, collapsing like a hot knife through butter with the gentlest push. An embodiment of the genius comfort food and the exquisite craft of Lâ€™Arpege.
restaurants|20191207|EN|londoneater.com|http://londoneater.com/2019/05/23/larpege-paris-may-2019/|They are technically not seasonal and are indeed avaiable all year round. But Lobsters in the English Channel between Dorset and Brittany are at their best around the summer, starting from say June and run till August. July is probably the most plentiful month, and prices are cheapest. I did have the lobster vin jaune in November last year.
restaurants|20191207|EN|londoneater.com|http://londoneater.com/2019/05/30/tonkatsu-hinata-tokyo/|We ordered two lunch sets â€“ the rosu/sirloin (190g 1500yen / Â£11) and choice hire/fillet katsu (140g 3500yen / Â£26), and a side order of fried pork neck. The set comes with Hokkaido Yumepiraka rice (one free top up), cabbage, pickles and soup. In addition to the typical katsu sauce, they also serve their pork with olive oil and sea salt â€“ this being one of their USP.
restaurants|20191207|EN|londoneater.com|http://londoneater.com/2019/05/30/tonkatsu-hinata-tokyo/|The other is that they buy their carcasses in whole and are then able to offer a sort of tonkatsu tasting menu comprised of various cuts. This isnâ€™t offer for lunch service, rather you need to (and can) book a seat between the hours of 3 and 5pm to have this taster menu, for 3500yen. Something you should definitely consider if you are about, and donâ€™t have early dinner plans as we did when we visited.
restaurants|20191207|EN|londoneater.com|http://londoneater.com/2019/05/30/tonkatsu-hinata-tokyo/|As I finished my meal, I saw that they did takeaway orders of katsu sandwich, and also asked for one as well â€“ they go for about a tenner (1500yen).
restaurants|20191207|EN|londoneater.com|http://londoneater.com/2019/05/30/tonkatsu-hinata-tokyo/|So glad to be back in Tokyo, I love katsu so much and I think this place is great, doing all the right things. It doesnâ€™t yet have the big queues which Narikura entertains, so it is worth your while if you love katsu as much as I do.
restaurants|20191207|EN|www.diningchicago.com|http://www.diningchicago.com/blog/|III Forks in Chicagoâ€™s River North has earned a platinum reputation for being one of the best places in the city to find a good steak, and itâ€™s on the way to earning an equally distinguished reputation for its vegetable offerings. Off-the-cob cream corn highlights the Midwestâ€™s premier crop, and you can also enjoy sautÃ©ed spinach (a classic side for steak) and seasonal vegetables, all harvested at the height of freshness to make your steak dinner even more special.
restaurants|20191207|EN|www.diningchicago.com|http://www.diningchicago.com/blog/|Broccoli is the favorite vegetable ofâ€¦some people. At STK Chicago, broccoli is raised to unheard of heights of deliciousness with a bacon vinaigrette and a crumble of foie gras, special ingredients youâ€™re not likely to find anywhere else, both complementing the lush green deliciousness of this in-season vegetable. The Foraged Mushrooms are a special side, featuring fungi that require a lot of time and attention to find in the forest, and the perfect side dish to one of STKâ€™s magnificent steaks.
restaurants|20191207|EN|www.diningchicago.com|http://www.diningchicago.com/blog/|You know youâ€™re in for some high-quality produce when the steakhouse menu has a special section devoted to veggies. In addition to many salads, including the classic Caesar, thereâ€™s broccolini with garlic and oil, a classic accompaniment to red meat, Brussels sprouts with crispy pancetta, as well as a whole platter of vegetables, magnificent. You might actually be tempted to forego the steak and enjoy just the vegetables (but that would be a mistake; youâ€™ll want at least a filet to go with the veggies, or youâ€™ll be hungry later).
restaurants|20191207|EN|www.diningchicago.com|http://www.diningchicago.com/blog/|. So many of the items served at Maple & Ash have had a brief appointment with the huge wood fires that cook and flavor just about everything served here, including steaks, of course, but also many thoughtful vegetable preparations. The Wood-fired Maitake Mushrooms are the perfect accompaniment to the prime steaks; the smokiness in both harmonize with one another perfectly. The sweet corn with garlic butter and basil is sourced from Klug Farms, a local producer recognized for outstanding quality, and the asparagus is something special with orange, almond and mint.